from,to,label,arrowhead
1,2,基于,normal
230,229,基于,normal
1,229,被用于,normal
3,2,被用于,normal
1,4,包含,normal
1,5,包含,normal
1,6,包含,normal
1,7,包含,normal
8,4,被用于,normal
9,4,被用于,normal
9,3,是一种,normal
1,10,包含,normal
11,4,被用于,normal
11,3,是一种,normal
3,5,被用于,normal
3,6,被用于,normal
3,7,被用于,normal
12,10,被用于,normal
13,10,被用于,normal
14,10,被用于,normal
12,15,应用场景,normal
12,16,应用场景,normal
12,17,应用场景,normal
14,18,基于,normal
14,19,基于,normal
14,20,基于,normal
14,21,受启发,normal
14,22,应用场景,normal
14,23,应用场景,normal
1,24,应用场景,normal
1,25,应用场景,normal
1,26,应用场景,normal
1,27,应用场景,normal
1,28,应用场景,normal
1,29,应用场景,normal
1,30,包括层次,normal
1,31,包括层次,normal
1,32,包括层次,normal
1,33,应用场景,normal
12,3,是一种,normal
34,3,是一种,normal
34,4,被用于,normal
34,35,发展自,normal
35,36,应用场景,normal
35,37,发展自,normal
37,36,应用场景,normal
35,38,基于,normal
38,39,发展自,normal
39,37,发展自,normal
40,11,是一种,normal
41,11,是一种,normal
42,11,是一种,normal
42,40,发展自,normal
40,41,发展自,normal
43,11,是一种,normal
44,11,是一种,normal
45,11,是一种,normal
40,46,包括特点,normal
44,47,包括特点,normal
43,48,包括特点,normal
45,49,包括特点,normal
41,50,应用场景,normal
40,51,2012年获胜,normal
42,51,2013年获胜,normal
43,51,2014年获胜,normal
44,51,2014年获胜,normal
45,51,2015年获胜,normal
9,52,包含,normal
11,52,包含,normal
53,52,是一种,normal
54,52,是一种,normal
55,52,是一种,normal
56,52,是一种,normal
57,52,是一种,normal
3,58,需要,normal
58,59,包含,normal
59,60,包含,normal
59,61,包含,normal
62,61,计算,normal
62,63,抑制,normal
64,63,抑制,normal
3,65,需要,normal
65,64,决定,normal
58,67,改变,normal
65,66,决定,normal
67,68,包含,normal
67,69,包含,normal
66,70,包含,normal
66,71,包含,normal
71,3,定义,normal
70,3,定义,normal
66,72,包含,normal
72,58,决定,normal
66,73,包含,normal
73,59,影响,normal
11,74,包含,normal
11,75,包含,normal
11,76,包含,normal
11,77,包含,normal
74,78,包含,normal
78,79,包含,normal
79,80,被用于,normal
80,81,需考虑,normal
80,82,需考虑,normal
80,83,被用于,normal
80,84,被用于,normal
80,85,被用于,normal
86,79,是一种,normal
87,79,是一种,normal
88,79,是一种,normal
89,79,是一种,normal
90,79,是一种,normal
80,91,被用于,normal
91,92,组建,normal
91,93,组建,normal
96,80,被用于,normal
96,94,需使用,normal
96,95,需使用,normal
97,95,被用于,normal
98,96,是一种,normal
99,96,是一种,normal
100,96,是一种,normal
95,101,针对,normal
75,102,包含,normal
75,103,包含,normal
58,104,包含,normal
58,105,包含,normal
106,104,被用于,normal
106,105,被用于,normal
105,107,计算,normal
105,108,基于,normal
107,109,用于,normal
109,67,修改,normal
109,110,基于,normal
111,110,是一种,normal
112,110,是一种,normal
113,110,是一种,normal
113,117,需注意,normal
114,109,是一种,normal
115,109,是一种,normal
116,109,是一种,normal
118,107,计算,normal
119,107,计算,normal
118,119,验算,normal
120,68,初始化,normal
121,68,初始化,normal
122,60,计算,normal
123,60,计算,normal
123,57,匹配,normal
122,124,匹配,normal
124,8,是一种,normal
58,125,需要,normal
125,126,包含,normal
125,127,包含,normal
125,128,包含,normal
128,66,针对,normal
125,129,需要,normal
129,130,包含,normal
129,131,包含,normal
129,132,包含,normal
129,133,包含,normal
134,125,组建,normal
135,134,是一种,normal
136,134,是一种,normal
137,134,是一种,normal
138,134,是一种,normal
139,138,是一种,normal
140,138,是一种,normal
136,141,包含,normal
136,142,包含,normal
143,142,是一种,normal
143,145,基于,normal
144,141,是一种,normal
144,146,发展自,normal
145,78,是一种,normal
146,36,被用于,normal
58,147,包含,normal
148,147,被用于,normal
149,147,被用于,normal
150,147,被用于,normal
151,147,被用于,normal
152,147,被用于,normal
1,153,基于,normal
1,154,消除,normal
153,154,无法解决,normal
154,155,难点,normal
154,156,难点,normal
154,157,难点,normal
155,158,包含,normal
155,159,包含,normal
155,160,包含,normal
155,161,包含,normal
156,162,包含,normal
156,163,包含,normal
156,164,包含,normal
157,165,包含,normal
157,166,包含,normal
157,167,包含,normal
125,168,包含,normal
168,169,包含,normal
168,170,包含,normal
168,171,包含,normal
172,171,表示,normal
173,172,是一种,normal
174,172,是一种,normal
168,175,存储格式,normal
168,176,存储格式,normal
168,177,存储格式,normal
168,178,存储格式,normal
168,179,存储格式,normal
168,180,存储格式,normal
168,96,增强,normal
168,181,增强,normal
184,80,包含,normal
181,182,包含,normal
181,183,包含,normal
181,184,包含,normal
182,185,包含,normal
182,186,包含,normal
183,187,包含,normal
183,188,包含,normal
183,189,包含,normal
183,190,包含,normal
184,191,包含,normal
191,92,包含,normal
191,93,包含,normal
168,192,可进行,normal
192,193,包含,normal
192,194,包含,normal
192,195,包含,normal
129,192,包含,normal
192,63,抑制,normal
196,66,调整,normal
197,105,出现于,normal
198,105,出现于,normal
199,197,解决,normal
200,198,缓解,normal
200,104,促进,normal
200,105,促进,normal
120,104,促进,normal
121,104,促进,normal
201,168,采集,normal
201,202,包含,normal
201,203,包含,normal
201,204,包含,normal
201,205,包含,normal
202,206,包含,normal
202,207,包含,normal
202,208,包含,normal
202,209,用于,normal
209,210,包括,normal
209,211,包括,normal
209,212,包括,normal
209,213,包括,normal
209,214,包括,normal
203,215,功能,normal
203,216,功能,normal
203,217,功能,normal
203,218,功能,normal
203,219,参数,normal
203,220,参数,normal
203,221,参数,normal
204,222,参数,normal
204,223,参数,normal
205,224,包含,normal
205,225,包含,normal
222,226,包含,normal
222,227,包含,normal
227,228,可能出现,normal
